-- SQLite database dump
-- Generated: 2025-11-14 10:43:07
-- Source: E:\data\dayhoc\phanmem\quanlycongcudungcu\db.sqlite3

BEGIN TRANSACTION;

BEGIN TRANSACTION;
CREATE TABLE "auth_group" ("id" integer NOT NULL PRIMARY KEY AUTOINCREMENT, "name" varchar(150) NOT NULL UNIQUE);
CREATE TABLE "auth_group_permissions" ("id" integer NOT NULL PRIMARY KEY AUTOINCREMENT, "group_id" integer NOT NULL REFERENCES "auth_group" ("id") DEFERRABLE INITIALLY DEFERRED, "permission_id" integer NOT NULL REFERENCES "auth_permission" ("id") DEFERRABLE INITIALLY DEFERRED);
CREATE TABLE "auth_permission" ("id" integer NOT NULL PRIMARY KEY AUTOINCREMENT, "content_type_id" integer NOT NULL REFERENCES "django_content_type" ("id") DEFERRABLE INITIALLY DEFERRED, "codename" varchar(100) NOT NULL, "name" varchar(255) NOT NULL);
INSERT INTO "auth_permission" VALUES(1,1,'add_logentry','Can add log entry');
INSERT INTO "auth_permission" VALUES(2,1,'change_logentry','Can change log entry');
INSERT INTO "auth_permission" VALUES(3,1,'delete_logentry','Can delete log entry');
INSERT INTO "auth_permission" VALUES(4,1,'view_logentry','Can view log entry');
INSERT INTO "auth_permission" VALUES(5,2,'add_permission','Can add permission');
INSERT INTO "auth_permission" VALUES(6,2,'change_permission','Can change permission');
INSERT INTO "auth_permission" VALUES(7,2,'delete_permission','Can delete permission');
INSERT INTO "auth_permission" VALUES(8,2,'view_permission','Can view permission');
INSERT INTO "auth_permission" VALUES(9,3,'add_group','Can add group');
INSERT INTO "auth_permission" VALUES(10,3,'change_group','Can change group');
INSERT INTO "auth_permission" VALUES(11,3,'delete_group','Can delete group');
INSERT INTO "auth_permission" VALUES(12,3,'view_group','Can view group');
INSERT INTO "auth_permission" VALUES(13,4,'add_user','Can add user');
INSERT INTO "auth_permission" VALUES(14,4,'change_user','Can change user');
INSERT INTO "auth_permission" VALUES(15,4,'delete_user','Can delete user');
INSERT INTO "auth_permission" VALUES(16,4,'view_user','Can view user');
INSERT INTO "auth_permission" VALUES(17,5,'add_contenttype','Can add content type');
INSERT INTO "auth_permission" VALUES(18,5,'change_contenttype','Can change content type');
INSERT INTO "auth_permission" VALUES(19,5,'delete_contenttype','Can delete content type');
INSERT INTO "auth_permission" VALUES(20,5,'view_contenttype','Can view content type');
INSERT INTO "auth_permission" VALUES(21,6,'add_session','Can add session');
INSERT INTO "auth_permission" VALUES(22,6,'change_session','Can change session');
INSERT INTO "auth_permission" VALUES(23,6,'delete_session','Can delete session');
INSERT INTO "auth_permission" VALUES(24,6,'view_session','Can view session');
INSERT INTO "auth_permission" VALUES(25,7,'add_company','Can add Công ty');
INSERT INTO "auth_permission" VALUES(26,7,'change_company','Can change Công ty');
INSERT INTO "auth_permission" VALUES(27,7,'delete_company','Can delete Công ty');
INSERT INTO "auth_permission" VALUES(28,7,'view_company','Can view Công ty');
INSERT INTO "auth_permission" VALUES(29,8,'add_equipment','Can add Thiết bị');
INSERT INTO "auth_permission" VALUES(30,8,'change_equipment','Can change Thiết bị');
INSERT INTO "auth_permission" VALUES(31,8,'delete_equipment','Can delete Thiết bị');
INSERT INTO "auth_permission" VALUES(32,8,'view_equipment','Can view Thiết bị');
INSERT INTO "auth_permission" VALUES(33,9,'add_equipmenthistory','Can add Lịch sử thiết bị');
INSERT INTO "auth_permission" VALUES(34,9,'change_equipmenthistory','Can change Lịch sử thiết bị');
INSERT INTO "auth_permission" VALUES(35,9,'delete_equipmenthistory','Can delete Lịch sử thiết bị');
INSERT INTO "auth_permission" VALUES(36,9,'view_equipmenthistory','Can view Lịch sử thiết bị');
INSERT INTO "auth_permission" VALUES(37,10,'add_ticketcomment','Can add Bình luận ticket');
INSERT INTO "auth_permission" VALUES(38,10,'change_ticketcomment','Can change Bình luận ticket');
INSERT INTO "auth_permission" VALUES(39,10,'delete_ticketcomment','Can delete Bình luận ticket');
INSERT INTO "auth_permission" VALUES(40,10,'view_ticketcomment','Can view Bình luận ticket');
INSERT INTO "auth_permission" VALUES(41,11,'add_company','Can add Công ty');
INSERT INTO "auth_permission" VALUES(42,11,'change_company','Can change Công ty');
INSERT INTO "auth_permission" VALUES(43,11,'delete_company','Can delete Công ty');
INSERT INTO "auth_permission" VALUES(44,11,'view_company','Can view Công ty');
INSERT INTO "auth_permission" VALUES(45,12,'add_ticketattachment','Can add File đính kèm');
INSERT INTO "auth_permission" VALUES(46,12,'change_ticketattachment','Can change File đính kèm');
INSERT INTO "auth_permission" VALUES(47,12,'delete_ticketattachment','Can delete File đính kèm');
INSERT INTO "auth_permission" VALUES(48,12,'view_ticketattachment','Can view File đính kèm');
INSERT INTO "auth_permission" VALUES(49,13,'add_ticketcategory','Can add Loại yêu cầu');
INSERT INTO "auth_permission" VALUES(50,13,'change_ticketcategory','Can change Loại yêu cầu');
INSERT INTO "auth_permission" VALUES(51,13,'delete_ticketcategory','Can delete Loại yêu cầu');
INSERT INTO "auth_permission" VALUES(52,13,'view_ticketcategory','Can view Loại yêu cầu');
INSERT INTO "auth_permission" VALUES(53,14,'add_department','Can add Phòng ban');
INSERT INTO "auth_permission" VALUES(54,14,'change_department','Can change Phòng ban');
INSERT INTO "auth_permission" VALUES(55,14,'delete_department','Can delete Phòng ban');
INSERT INTO "auth_permission" VALUES(56,14,'view_department','Can view Phòng ban');
INSERT INTO "auth_permission" VALUES(57,15,'add_ticket','Can add Ticket hỗ trợ');
INSERT INTO "auth_permission" VALUES(58,15,'change_ticket','Can change Ticket hỗ trợ');
INSERT INTO "auth_permission" VALUES(59,15,'delete_ticket','Can delete Ticket hỗ trợ');
INSERT INTO "auth_permission" VALUES(60,15,'view_ticket','Can view Ticket hỗ trợ');
INSERT INTO "auth_permission" VALUES(61,16,'add_renewal','Can add Gia hạn dịch vụ');
INSERT INTO "auth_permission" VALUES(62,16,'change_renewal','Can change Gia hạn dịch vụ');
INSERT INTO "auth_permission" VALUES(63,16,'delete_renewal','Can delete Gia hạn dịch vụ');
INSERT INTO "auth_permission" VALUES(64,16,'view_renewal','Can view Gia hạn dịch vụ');
INSERT INTO "auth_permission" VALUES(65,17,'add_renewaltype','Can add Loại dịch vụ');
INSERT INTO "auth_permission" VALUES(66,17,'change_renewaltype','Can change Loại dịch vụ');
INSERT INTO "auth_permission" VALUES(67,17,'delete_renewaltype','Can delete Loại dịch vụ');
INSERT INTO "auth_permission" VALUES(68,17,'view_renewaltype','Can view Loại dịch vụ');
INSERT INTO "auth_permission" VALUES(69,18,'add_renewalhistory','Can add Lịch sử gia hạn');
INSERT INTO "auth_permission" VALUES(70,18,'change_renewalhistory','Can change Lịch sử gia hạn');
INSERT INTO "auth_permission" VALUES(71,18,'delete_renewalhistory','Can delete Lịch sử gia hạn');
INSERT INTO "auth_permission" VALUES(72,18,'view_renewalhistory','Can view Lịch sử gia hạn');
CREATE TABLE "auth_user" ("id" integer NOT NULL PRIMARY KEY AUTOINCREMENT, "password" varchar(128) NOT NULL, "last_login" datetime NULL, "is_superuser" bool NOT NULL, "username" varchar(150) NOT NULL UNIQUE, "last_name" varchar(150) NOT NULL, "email" varchar(254) NOT NULL, "is_staff" bool NOT NULL, "is_active" bool NOT NULL, "date_joined" datetime NOT NULL, "first_name" varchar(150) NOT NULL);
INSERT INTO "auth_user" VALUES(1,'pbkdf2_sha256$600000$Bw27UsLwiXv59XVaaJ1KRE$4kPB/89hM9uJHwimS65lKtyEbt/659XA2wSVa9kj5zA=','2025-11-13 03:39:13.954994',1,'huynguyen','','huynguyenitteach@gmail.com',1,1,'2025-11-07 01:46:04.809953','');
INSERT INTO "auth_user" VALUES(2,'pbkdf2_sha256$600000$Vo9FSMDsP8uRZbzkrLCaMk$FVd1BoWSlfic72xuX1GVxVaR/f57//EhlZjfhxQGe8c=',NULL,0,'nguynngchuy','Ngọc Huy','huynguyen@saigonbooks.com.vn',0,1,'2025-11-07 04:35:38.305604','Nguyễn');
INSERT INTO "auth_user" VALUES(3,'pbkdf2_sha256$600000$DgAGvfZW1P8QLNC1lKET9f$XQCMRKX1n4BoJnwEIOck/msWw3BGeMYMKa/1X5ritGM=',NULL,0,'huynguyen01','ngoc huy','huynguyen01@saigonbooks.com.vn',0,1,'2025-11-07 04:41:55.808537','nguyen');
CREATE TABLE "auth_user_groups" ("id" integer NOT NULL PRIMARY KEY AUTOINCREMENT, "user_id" integer NOT NULL REFERENCES "auth_user" ("id") DEFERRABLE INITIALLY DEFERRED, "group_id" integer NOT NULL REFERENCES "auth_group" ("id") DEFERRABLE INITIALLY DEFERRED);
CREATE TABLE "auth_user_user_permissions" ("id" integer NOT NULL PRIMARY KEY AUTOINCREMENT, "user_id" integer NOT NULL REFERENCES "auth_user" ("id") DEFERRABLE INITIALLY DEFERRED, "permission_id" integer NOT NULL REFERENCES "auth_permission" ("id") DEFERRABLE INITIALLY DEFERRED);
CREATE TABLE "django_admin_log" ("id" integer NOT NULL PRIMARY KEY AUTOINCREMENT, "object_id" text NULL, "object_repr" varchar(200) NOT NULL, "action_flag" smallint unsigned NOT NULL CHECK ("action_flag" >= 0), "change_message" text NOT NULL, "content_type_id" integer NULL REFERENCES "django_content_type" ("id") DEFERRABLE INITIALLY DEFERRED, "user_id" integer NOT NULL REFERENCES "auth_user" ("id") DEFERRABLE INITIALLY DEFERRED, "action_time" datetime NOT NULL);
INSERT INTO "django_admin_log" VALUES(1,'25','Hỗ trợ phần cứng - Khác',3,'',13,1,'2025-11-12 04:05:23.441750');
CREATE TABLE "django_content_type" ("id" integer NOT NULL PRIMARY KEY AUTOINCREMENT, "app_label" varchar(100) NOT NULL, "model" varchar(100) NOT NULL);
INSERT INTO "django_content_type" VALUES(1,'admin','logentry');
INSERT INTO "django_content_type" VALUES(2,'auth','permission');
INSERT INTO "django_content_type" VALUES(3,'auth','group');
INSERT INTO "django_content_type" VALUES(4,'auth','user');
INSERT INTO "django_content_type" VALUES(5,'contenttypes','contenttype');
INSERT INTO "django_content_type" VALUES(6,'sessions','session');
INSERT INTO "django_content_type" VALUES(7,'equipment','company');
INSERT INTO "django_content_type" VALUES(8,'equipment','equipment');
INSERT INTO "django_content_type" VALUES(9,'equipment','equipmenthistory');
INSERT INTO "django_content_type" VALUES(10,'tickets','ticketcomment');
INSERT INTO "django_content_type" VALUES(11,'tickets','company');
INSERT INTO "django_content_type" VALUES(12,'tickets','ticketattachment');
INSERT INTO "django_content_type" VALUES(13,'tickets','ticketcategory');
INSERT INTO "django_content_type" VALUES(14,'tickets','department');
INSERT INTO "django_content_type" VALUES(15,'tickets','ticket');
INSERT INTO "django_content_type" VALUES(16,'renewals','renewal');
INSERT INTO "django_content_type" VALUES(17,'renewals','renewaltype');
INSERT INTO "django_content_type" VALUES(18,'renewals','renewalhistory');
CREATE TABLE "django_migrations" ("id" integer NOT NULL PRIMARY KEY AUTOINCREMENT, "app" varchar(255) NOT NULL, "name" varchar(255) NOT NULL, "applied" datetime NOT NULL);
INSERT INTO "django_migrations" VALUES(1,'contenttypes','0001_initial','2025-11-07 01:44:48.016533');
INSERT INTO "django_migrations" VALUES(2,'auth','0001_initial','2025-11-07 01:44:48.253284');
INSERT INTO "django_migrations" VALUES(3,'admin','0001_initial','2025-11-07 01:44:48.477856');
INSERT INTO "django_migrations" VALUES(4,'admin','0002_logentry_remove_auto_add','2025-11-07 01:44:48.602931');
INSERT INTO "django_migrations" VALUES(5,'admin','0003_logentry_add_action_flag_choices','2025-11-07 01:44:48.732666');
INSERT INTO "django_migrations" VALUES(6,'contenttypes','0002_remove_content_type_name','2025-11-07 01:44:48.853922');
INSERT INTO "django_migrations" VALUES(7,'auth','0002_alter_permission_name_max_length','2025-11-07 01:44:49.015681');
INSERT INTO "django_migrations" VALUES(8,'auth','0003_alter_user_email_max_length','2025-11-07 01:44:49.157056');
INSERT INTO "django_migrations" VALUES(9,'auth','0004_alter_user_username_opts','2025-11-07 01:44:49.283892');
INSERT INTO "django_migrations" VALUES(10,'auth','0005_alter_user_last_login_null','2025-11-07 01:44:49.407725');
INSERT INTO "django_migrations" VALUES(11,'auth','0006_require_contenttypes_0002','2025-11-07 01:44:49.518724');
INSERT INTO "django_migrations" VALUES(12,'auth','0007_alter_validators_add_error_messages','2025-11-07 01:44:49.631553');
INSERT INTO "django_migrations" VALUES(13,'auth','0008_alter_user_username_max_length','2025-11-07 01:44:49.739735');
INSERT INTO "django_migrations" VALUES(14,'auth','0009_alter_user_last_name_max_length','2025-11-07 01:44:49.860225');
INSERT INTO "django_migrations" VALUES(15,'auth','0010_alter_group_name_max_length','2025-11-07 01:44:49.995350');
INSERT INTO "django_migrations" VALUES(16,'auth','0011_update_proxy_permissions','2025-11-07 01:44:50.139756');
INSERT INTO "django_migrations" VALUES(17,'auth','0012_alter_user_first_name_max_length','2025-11-07 01:44:50.268516');
INSERT INTO "django_migrations" VALUES(18,'equipment','0001_initial','2025-11-07 01:44:50.537230');
INSERT INTO "django_migrations" VALUES(19,'sessions','0001_initial','2025-11-07 01:44:50.752616');
INSERT INTO "django_migrations" VALUES(20,'equipment','0002_equipment_current_user_and_more','2025-11-07 02:11:54.350968');
INSERT INTO "django_migrations" VALUES(21,'equipment','0003_equipment_monitor_model_equipment_monitor_name','2025-11-07 02:56:20.656267');
INSERT INTO "django_migrations" VALUES(22,'equipment','0004_equipment_region','2025-11-07 06:00:04.047693');
INSERT INTO "django_migrations" VALUES(23,'tickets','0001_initial','2025-11-10 06:24:52.452444');
INSERT INTO "django_migrations" VALUES(24,'equipment','0005_equipment_paging_equipment_storage_and_more','2025-11-10 08:49:16.965427');
INSERT INTO "django_migrations" VALUES(25,'equipment','0006_remove_equipment_paging','2025-11-10 08:55:20.481928');
INSERT INTO "django_migrations" VALUES(26,'tickets','0002_alter_department_options_and_more','2025-11-12 04:01:34.736035');
INSERT INTO "django_migrations" VALUES(27,'equipment','0007_alter_equipment_equipment_type','2025-11-13 04:06:08.353073');
INSERT INTO "django_migrations" VALUES(28,'renewals','0001_initial','2025-11-13 04:06:08.672330');
CREATE TABLE "django_session" ("session_key" varchar(40) NOT NULL PRIMARY KEY, "session_data" text NOT NULL, "expire_date" datetime NOT NULL);
INSERT INTO "django_session" VALUES('anlmramyc35lt7tsqbnb94g58bnnpmi3','.eJxVjEsOAiEQBe_C2hBBPo1L956BdNMgowaSYWZlvLtOMgvdvqp6LxFxXWpcR57jxOIslDj8boTpkdsG-I7t1mXqbZknkpsidzrktXN-Xnb376DiqN8anGHwxBasYZsggClaOdIWjhYMFlDK6YKaDTKWk_MYiLIvoSjPoMT7A81eN8I:1vHCa3:7y60K2iEoUVWnW58bDf0ZhWtFVATtNaV-Axchj-VC8g','2025-11-21 02:52:03.993964');
INSERT INTO "django_session" VALUES('60023n0qxjg6qeo8q71ookpbo55s2xmo','.eJxVjEsOAiEQBe_C2hBBPo1L956BdNMgowaSYWZlvLtOMgvdvqp6LxFxXWpcR57jxOIslDj8boTpkdsG-I7t1mXqbZknkpsidzrktXN-Xnb376DiqN8anGHwxBasYZsggClaOdIWjhYMFlDK6YKaDTKWk_MYiLIvoSjPoMT7A81eN8I:1vHDGZ:IhKxyK5_6v0Fh2xEvoUzCUH54mAYzJfcVhj6bejIpmI','2025-11-21 03:35:59.508045');
INSERT INTO "django_session" VALUES('7ceehmoo0gf8m3buxudm74jly19ixf79','.eJxVjEsOAiEQBe_C2hBBPo1L956BdNMgowaSYWZlvLtOMgvdvqp6LxFxXWpcR57jxOIslDj8boTpkdsG-I7t1mXqbZknkpsidzrktXN-Xnb376DiqN8anGHwxBasYZsggClaOdIWjhYMFlDK6YKaDTKWk_MYiLIvoSjPoMT7A81eN8I:1vHDSy:27WKJOUiuG-cpts_7UTjK4kNwr58yomWkNgYoVQ-1ow','2025-11-21 03:48:48.197960');
INSERT INTO "django_session" VALUES('aiid90lufrxkihh5qtk5sn42mf3a51ob','.eJxVjEsOAiEQBe_C2hBBPo1L956BdNMgowaSYWZlvLtOMgvdvqp6LxFxXWpcR57jxOIslDj8boTpkdsG-I7t1mXqbZknkpsidzrktXN-Xnb376DiqN8anGHwxBasYZsggClaOdIWjhYMFlDK6YKaDTKWk_MYiLIvoSjPoMT7A81eN8I:1vHE43:B7MwuTdUQKE4LwV_-xN_nwrEjWuBDPl2TJIGjx8-kng','2025-11-21 04:27:07.604762');
INSERT INTO "django_session" VALUES('lupcu8v1m99rtftt4udwt1al95or84e4','.eJxVjEsOAiEQBe_C2hBBPo1L956BdNMgowaSYWZlvLtOMgvdvqp6LxFxXWpcR57jxOIslDj8boTpkdsG-I7t1mXqbZknkpsidzrktXN-Xnb376DiqN8anGHwxBasYZsggClaOdIWjhYMFlDK6YKaDTKWk_MYiLIvoSjPoMT7A81eN8I:1vHG3z:5XHT5-neZCvMHsHq__vXa-LUtb4V2M_aIRvmZnL2MKk','2025-11-21 06:35:11.208150');
INSERT INTO "django_session" VALUES('d73zacd9axwngnmqdw526e0c9ym2eevv','.eJxVjEsOAiEQBe_C2hBBPo1L956BdNMgowaSYWZlvLtOMgvdvqp6LxFxXWpcR57jxOIslDj8boTpkdsG-I7t1mXqbZknkpsidzrktXN-Xnb376DiqN8anGHwxBasYZsggClaOdIWjhYMFlDK6YKaDTKWk_MYiLIvoSjPoMT7A81eN8I:1vJ2Z4:iYKNlh0fHc-yP5VQ6b3ATPjmOurL3gwcOMRPlXIY0MI','2025-11-26 04:34:38.385291');
INSERT INTO "django_session" VALUES('7sz0kt6yutwdipt0wdhmv6h1k18gwhx4','.eJxVjEsOAiEQBe_C2hBBPo1L956BdNMgowaSYWZlvLtOMgvdvqp6LxFxXWpcR57jxOIslDj8boTpkdsG-I7t1mXqbZknkpsidzrktXN-Xnb376DiqN8anGHwxBasYZsggClaOdIWjhYMFlDK6YKaDTKWk_MYiLIvoSjPoMT7A81eN8I:1vJOB0:rIXRHazHPc275_2AdXZ0wDSqbMdNM7sFpSqQlhhJ2NM','2025-11-27 03:39:14.050054');
CREATE TABLE "equipment_company" ("id" integer NOT NULL PRIMARY KEY AUTOINCREMENT, "name" varchar(200) NOT NULL, "code" varchar(50) NOT NULL UNIQUE, "created_at" datetime NOT NULL, "updated_at" datetime NOT NULL);
INSERT INTO "equipment_company" VALUES(1,'Saigonbooks','SGB','2025-11-07 01:44:56.043117','2025-11-07 01:44:56.043117');
INSERT INTO "equipment_company" VALUES(2,'Zenbooks','ZNB','2025-11-07 01:45:03.765040','2025-11-07 01:45:03.765040');
INSERT INTO "equipment_company" VALUES(3,'Pegaholdings','PEG','2025-11-07 01:45:03.890651','2025-11-07 01:45:03.891642');
CREATE TABLE "equipment_equipment" ("id" integer NOT NULL PRIMARY KEY AUTOINCREMENT, "name" varchar(200) NOT NULL, "code" varchar(100) NOT NULL UNIQUE, "equipment_type" varchar(20) NOT NULL, "commission_date" date NULL, "machine_name" varchar(200) NOT NULL, "operating_system" varchar(200) NOT NULL, "system_manufacturer" varchar(200) NOT NULL, "system_model" varchar(200) NOT NULL, "processor" varchar(200) NOT NULL, "memory" varchar(100) NOT NULL, "graphics_card" varchar(200) NOT NULL, "technical_specs" text NOT NULL CHECK ((JSON_VALID("technical_specs") OR "technical_specs" IS NULL)), "documentation" text NOT NULL, "dxdiag_file" varchar(100) NULL, "created_at" datetime NOT NULL, "updated_at" datetime NOT NULL, "is_active" bool NOT NULL, "company_id" bigint NOT NULL REFERENCES "equipment_company" ("id") DEFERRABLE INITIALLY DEFERRED, "current_user_id" integer NULL REFERENCES "auth_user" ("id") DEFERRABLE INITIALLY DEFERRED, "monitor_model" varchar(200) NOT NULL, "monitor_name" varchar(200) NOT NULL, "region" varchar(2) NOT NULL, "storage" varchar(200) NOT NULL);
INSERT INTO "equipment_equipment" VALUES(1,'HCM-001','HCM-001','desktop','2025-11-07','DESKTOP-O1M02JB','Windows 11 Home N 64-bit (10.0, Build 22631) (22621.ni_release.220506-1250)','Gigabyte Technology Co., Ltd.','Z590 UD','11th Gen Intel(R) Core(TM) i5-11400 @ 2.60GHz (12 CPUs), ~2.6GHz','16384 MB (16.0 GB)','NVIDIA GeForce GT 730','{"Card name": "NVIDIA GeForce GT 730", "Processor": "11th Gen Intel(R) Core(TM) i5-11400 @ 2.60GHz (12 CPUs), ~2.6GHz", "Memory": "16384 MB (16.0 GB)", "System Manufacturer": "Gigabyte Technology Co., Ltd.", "System Model": "Z590 UD", "Storage (SSD/HDD)": "C: - KINGSTON SA400S37240G (SSD) - Total: 228.3 GB, Free: 24.5 GB", "BIOS": "F4 (type: UEFI)", "DirectX Version": "DirectX 12", "Monitor": "Generic PnP Monitor", "Monitor Model": "VY249", "Resolution": "1920 x 1080 (32 bit) (59Hz)"}','','dxdiag/DxDiag.txt','2025-11-07 02:33:32.012759','2025-11-07 02:33:32.012759',1,1,1,'','','MN','');
INSERT INTO "equipment_equipment" VALUES(2,'hr','MB-001','laptop','2025-11-07','DESKTOP-O1M02JB','Windows 11 Home N 64-bit (10.0, Build 22631) (22621.ni_release.220506-1250)','Gigabyte Technology Co., Ltd.','Z590 UD','11th Gen Intel(R) Core(TM) i5-11400 @ 2.60GHz (12 CPUs), ~2.6GHz','16384 MB (16.0 GB)','NVIDIA GeForce GT 730','{"Card name": "NVIDIA GeForce GT 730", "Processor": "11th Gen Intel(R) Core(TM) i5-11400 @ 2.60GHz (12 CPUs), ~2.6GHz", "Memory": "16384 MB (16.0 GB)", "System Manufacturer": "Gigabyte Technology Co., Ltd.", "System Model": "Z590 UD", "Storage (SSD/HDD)": "C: - KINGSTON SA400S37240G (SSD) - Total: 228.3 GB, Free: 24.5 GB", "BIOS": "F4 (type: UEFI)", "DirectX Version": "DirectX 12", "Monitor": "Generic PnP Monitor", "Monitor Model": "VY249", "Resolution": "1920 x 1080 (32 bit) (59Hz)"}','','dxdiag/DxDiag_0cB6Qwe.txt','2025-11-07 06:07:40.872851','2025-11-13 08:14:32.357466',1,2,3,'VY249','Generic PnP Monitor','MB','');
CREATE TABLE "equipment_equipmenthistory" ("id" integer NOT NULL PRIMARY KEY AUTOINCREMENT, "action_date" date NOT NULL, "action_type" varchar(20) NOT NULL, "description" text NOT NULL, "signed_by" varchar(200) NOT NULL, "created_at" datetime NOT NULL, "equipment_id" bigint NOT NULL REFERENCES "equipment_equipment" ("id") DEFERRABLE INITIALLY DEFERRED);
INSERT INTO "equipment_equipmenthistory" VALUES(1,'2025-11-07','user_assignment','Giao máy cho huynguyen','huynguyen','2025-11-07 02:33:32.167619',1);
INSERT INTO "equipment_equipmenthistory" VALUES(2,'2025-11-07','repair','thay RAM 16GB','Huy','2025-11-07 05:32:32.551531',1);
INSERT INTO "equipment_equipmenthistory" VALUES(3,'2025-11-07','liquidation','thanh lý','huy','2025-11-07 05:33:12.655584',1);
INSERT INTO "equipment_equipmenthistory" VALUES(4,'2025-11-07','user_assignment','Giao máy cho huynguyen','huynguyen','2025-11-07 06:07:40.992739',2);
INSERT INTO "equipment_equipmenthistory" VALUES(5,'2025-11-07','movement','Chuyển máy từ huynguyen sang huynguyen01 (nguyen ngoc huy)','huy','2025-11-07 06:23:03.462279',2);
INSERT INTO "equipment_equipmenthistory" VALUES(6,'2025-11-13','movement','Chuyển máy từ huynguyen01 sang huynguyen01 (nguyen ngoc huy)','huy','2025-11-13 08:14:32.496163',2);
INSERT INTO "equipment_equipmenthistory" VALUES(7,'2025-11-13','repair','thay bàn phím','huy','2025-11-13 08:15:37.889618',2);
CREATE TABLE "renewals_renewal" ("id" integer NOT NULL PRIMARY KEY AUTOINCREMENT, "name" varchar(200) NOT NULL, "description" text NOT NULL, "start_date" date NOT NULL, "expiry_date" date NOT NULL, "renewal_period" integer NOT NULL, "cost" decimal NULL, "provider" varchar(200) NOT NULL, "provider_contact" varchar(200) NOT NULL, "status" varchar(20) NOT NULL, "notes" text NOT NULL, "auto_renewal" bool NOT NULL, "created_at" datetime NOT NULL, "updated_at" datetime NOT NULL, "company_id" bigint NULL REFERENCES "equipment_company" ("id") DEFERRABLE INITIALLY DEFERRED, "created_by_id" integer NULL REFERENCES "auth_user" ("id") DEFERRABLE INITIALLY DEFERRED, "renewal_type_id" bigint NOT NULL REFERENCES "renewals_renewaltype" ("id") DEFERRABLE INITIALLY DEFERRED, "responsible_person_id" integer NULL REFERENCES "auth_user" ("id") DEFERRABLE INITIALLY DEFERRED);
INSERT INTO "renewals_renewal" VALUES(1,'Gia hạn tên miền saigonbooks.vn','Tên miền .vn saigonbooks.vn 22/12/2025 458,000 1,374,000','2025-12-22','2028-12-22',12,1374000,'Matbao','','active','',0,'2025-11-13 06:34:59.122874','2025-11-13 06:34:59.122874',1,1,3,1);
CREATE TABLE "renewals_renewalhistory" ("id" integer NOT NULL PRIMARY KEY AUTOINCREMENT, "renewal_date" date NOT NULL, "old_expiry_date" date NOT NULL, "new_expiry_date" date NOT NULL, "cost" decimal NULL, "notes" text NOT NULL, "created_at" datetime NOT NULL, "renewal_id" bigint NOT NULL REFERENCES "renewals_renewal" ("id") DEFERRABLE INITIALLY DEFERRED, "renewed_by_id" integer NULL REFERENCES "auth_user" ("id") DEFERRABLE INITIALLY DEFERRED);
CREATE TABLE "renewals_renewaltype" ("id" integer NOT NULL PRIMARY KEY AUTOINCREMENT, "name" varchar(100) NOT NULL UNIQUE, "description" text NOT NULL, "order" integer NOT NULL);
INSERT INTO "renewals_renewaltype" VALUES(1,'Email','Dịch vụ email (Gmail, Outlook, Exchange...)',1);
INSERT INTO "renewals_renewaltype" VALUES(2,'Server','Máy chủ và hosting (AWS, Azure, VPS...)',2);
INSERT INTO "renewals_renewaltype" VALUES(3,'Domain','Tên miền và SSL',3);
INSERT INTO "renewals_renewaltype" VALUES(4,'Ứng dụng','Các ứng dụng và phần mềm công ty',4);
INSERT INTO "renewals_renewaltype" VALUES(5,'Cloud Storage','Lưu trữ đám mây (Google Drive, Dropbox...)',5);
INSERT INTO "renewals_renewaltype" VALUES(6,'Khác','Các dịch vụ khác',99);
CREATE TABLE "tickets_company" ("id" integer NOT NULL PRIMARY KEY AUTOINCREMENT, "name" varchar(200) NOT NULL, "code" varchar(50) NOT NULL UNIQUE, "created_at" datetime NOT NULL, "updated_at" datetime NOT NULL);
INSERT INTO "tickets_company" VALUES(1,'CÔNG TY CP PEGA HOLDINGS (PEGA HOLDINGS)','PEGA','2025-11-10 06:25:44.248074','2025-11-10 06:25:44.248074');
INSERT INTO "tickets_company" VALUES(2,'CÔNG TY CP VĂN HOÁ SÁCH SÀI GÒN','SGB','2025-11-10 06:25:44.351739','2025-11-10 06:25:44.351739');
INSERT INTO "tickets_company" VALUES(3,'CÔNG TY CP ZENBOOKS','ZB','2025-11-10 06:25:44.490124','2025-11-10 06:25:44.490124');
CREATE TABLE "tickets_department" ("id" integer NOT NULL PRIMARY KEY AUTOINCREMENT, "name" varchar(200) NOT NULL, "created_at" datetime NOT NULL, "company_id" bigint NULL REFERENCES "tickets_company" ("id") DEFERRABLE INITIALLY DEFERRED, "order" integer NOT NULL, "parent_id" bigint NULL REFERENCES "tickets_department" ("id") DEFERRABLE INITIALLY DEFERRED);
INSERT INTO "tickets_department" VALUES(1,'Kinh doanh','2025-11-10 06:25:44.595318',NULL,0,NULL);
INSERT INTO "tickets_department" VALUES(2,'Kinh doanh Sách','2025-11-10 06:25:44.690429',NULL,0,1);
INSERT INTO "tickets_department" VALUES(3,'BP Kinh doanh (B2B) + Nhà Sách SGB-ZB','2025-11-10 06:25:44.794336',NULL,0,2);
INSERT INTO "tickets_department" VALUES(4,'BP Kinh doanh ZB (B2B & Dự án)','2025-11-10 06:25:44.898695',NULL,1,2);
INSERT INTO "tickets_department" VALUES(5,'BP In Ấn SGB ZB','2025-11-10 06:25:44.996462',NULL,2,2);
INSERT INTO "tickets_department" VALUES(6,'BP Kinh doanh TMĐT','2025-11-10 06:25:45.098298',NULL,3,2);
INSERT INTO "tickets_department" VALUES(7,'Phòng Kinh doanh HN','2025-11-10 06:25:45.201679',NULL,4,2);
INSERT INTO "tickets_department" VALUES(8,'Truyền thông và Tiếp thị','2025-11-10 06:25:45.298708',NULL,5,2);
INSERT INTO "tickets_department" VALUES(9,'Kinh doanh VPP & Quảng cáo','2025-11-10 06:25:45.401623',NULL,1,1);
INSERT INTO "tickets_department" VALUES(10,'Phòng Kinh doanh VPP Miền Nam','2025-11-10 06:25:45.498137',NULL,0,9);
INSERT INTO "tickets_department" VALUES(11,'Kinh doanh VPP & Quảng cáo Miền Bắc','2025-11-10 06:25:45.593361',NULL,1,9);
INSERT INTO "tickets_department" VALUES(12,'Kinh doanh VPP Miền Trung','2025-11-10 06:25:45.699453',NULL,2,9);
INSERT INTO "tickets_department" VALUES(13,'Kinh doanh Quảng Cáo Miền Nam','2025-11-10 06:25:45.802352',NULL,3,9);
INSERT INTO "tickets_department" VALUES(14,'Kinh doanh Textbook','2025-11-10 06:25:45.907722',NULL,2,1);
INSERT INTO "tickets_department" VALUES(15,'Bản quyền','2025-11-10 06:25:46.002102',NULL,1,NULL);
INSERT INTO "tickets_department" VALUES(16,'Tài chính - kế toán','2025-11-10 06:25:46.098740',NULL,2,NULL);
INSERT INTO "tickets_department" VALUES(17,'Kế Toán SGB','2025-11-10 06:25:46.202881',NULL,0,16);
INSERT INTO "tickets_department" VALUES(18,'Kế Toán ZB','2025-11-10 06:25:46.298696',NULL,1,16);
INSERT INTO "tickets_department" VALUES(19,'Kế toán Pega','2025-11-10 06:25:46.401319',NULL,2,16);
INSERT INTO "tickets_department" VALUES(20,'Mua hàng','2025-11-10 06:25:46.498338',NULL,3,16);
INSERT INTO "tickets_department" VALUES(21,'Nhân sự - hành chính','2025-11-10 06:25:46.595239',NULL,3,NULL);
INSERT INTO "tickets_department" VALUES(22,'SGB & ZB','2025-11-10 06:25:46.690639',NULL,0,21);
INSERT INTO "tickets_department" VALUES(23,'PEGA','2025-11-10 06:25:46.792561',NULL,1,21);
INSERT INTO "tickets_department" VALUES(24,'Biên tập & biên soạn','2025-11-10 06:25:46.890375',NULL,4,NULL);
INSERT INTO "tickets_department" VALUES(25,'SaigonBooks','2025-11-10 06:25:46.993405',NULL,0,24);
INSERT INTO "tickets_department" VALUES(26,'Biên soạn','2025-11-10 06:25:47.090531',NULL,1,24);
INSERT INTO "tickets_department" VALUES(27,'Biên tập HN','2025-11-10 06:25:47.187229',NULL,2,24);
INSERT INTO "tickets_department" VALUES(28,'Pháp chế & tuân thủ','2025-11-10 06:25:47.290322',NULL,5,NULL);
INSERT INTO "tickets_department" VALUES(29,'Thiết kế & dàn trang','2025-11-10 06:25:47.384429',NULL,6,NULL);
INSERT INTO "tickets_department" VALUES(30,'Thiết kế','2025-11-10 06:25:47.491603',NULL,0,29);
INSERT INTO "tickets_department" VALUES(31,'Dàn Trang','2025-11-10 06:25:47.595037',NULL,1,29);
INSERT INTO "tickets_department" VALUES(32,'Công nghệ','2025-11-10 06:25:47.690404',NULL,7,NULL);
INSERT INTO "tickets_department" VALUES(33,'Kho và điều vận','2025-11-10 06:25:47.792332',NULL,8,NULL);
INSERT INTO "tickets_department" VALUES(34,'Kho Zenbooks-Saigonbooks','2025-11-10 06:25:47.890687',NULL,0,33);
INSERT INTO "tickets_department" VALUES(35,'Kho B2B','2025-11-10 06:25:47.993785',NULL,1,33);
INSERT INTO "tickets_department" VALUES(36,'Miền Nam','2025-11-10 06:25:48.098555',NULL,0,35);
INSERT INTO "tickets_department" VALUES(37,'Miền Trung','2025-11-10 06:25:48.210646',NULL,1,35);
INSERT INTO "tickets_department" VALUES(38,'Miền Bắc','2025-11-10 06:25:48.306984',NULL,2,35);
INSERT INTO "tickets_department" VALUES(39,'Điều vận','2025-11-10 06:25:48.418878',NULL,2,33);
INSERT INTO "tickets_department" VALUES(40,'VP HÀ NỘI','2025-11-10 06:25:48.524179',NULL,9,NULL);
CREATE TABLE "tickets_ticket" ("id" integer NOT NULL PRIMARY KEY AUTOINCREMENT, "ticket_number" varchar(50) NOT NULL UNIQUE, "title" varchar(500) NOT NULL, "description" text NOT NULL, "requester_name" varchar(200) NOT NULL, "requester_email" varchar(254) NOT NULL, "requester_phone" varchar(20) NOT NULL, "priority" varchar(20) NOT NULL, "status" varchar(20) NOT NULL, "resolved_at" datetime NULL, "resolution" text NOT NULL, "created_at" datetime NOT NULL, "updated_at" datetime NOT NULL, "repeat_count" integer NOT NULL, "assigned_to_id" integer NULL REFERENCES "auth_user" ("id") DEFERRABLE INITIALLY DEFERRED, "category_id" bigint NULL REFERENCES "tickets_ticketcategory" ("id") DEFERRABLE INITIALLY DEFERRED, "company_id" bigint NOT NULL REFERENCES "tickets_company" ("id") DEFERRABLE INITIALLY DEFERRED, "department_id" bigint NULL REFERENCES "tickets_department" ("id") DEFERRABLE INITIALLY DEFERRED, "requester_id" integer NOT NULL REFERENCES "auth_user" ("id") DEFERRABLE INITIALLY DEFERRED);
INSERT INTO "tickets_ticket" VALUES(1,'TICKET-20251110-001','aaaaa','aaaaa','huy','huynguyen@saigonbooks.com.vn','','medium','in_progress',NULL,'ok','2025-11-10 06:49:53.738782','2025-11-10 06:58:58.526898',0,1,13,2,32,2);
INSERT INTO "tickets_ticket" VALUES(2,'TICKET-20251112-001','test','test','huy','huynguyen@saigonbooks.com.vn','','medium','assigned',NULL,'','2025-11-12 03:47:50.364856','2025-11-12 06:39:44.516150',0,NULL,9,2,32,2);
INSERT INTO "tickets_ticket" VALUES(3,'TICKET-20251112-002','test','test','huy','huynguyen@saigonbooks.com.vn','','medium','new',NULL,'','2025-11-12 03:48:17.582019','2025-11-12 03:48:17.699157',0,NULL,17,3,15,2);
CREATE TABLE "tickets_ticketattachment" ("id" integer NOT NULL PRIMARY KEY AUTOINCREMENT, "file" varchar(100) NOT NULL, "filename" varchar(255) NOT NULL, "created_at" datetime NOT NULL, "ticket_id" bigint NOT NULL REFERENCES "tickets_ticket" ("id") DEFERRABLE INITIALLY DEFERRED, "uploaded_by_id" integer NOT NULL REFERENCES "auth_user" ("id") DEFERRABLE INITIALLY DEFERRED);
CREATE TABLE "tickets_ticketcategory" ("id" integer NOT NULL PRIMARY KEY AUTOINCREMENT, "name" varchar(200) NOT NULL, "description" text NOT NULL, "created_at" datetime NOT NULL, "order" integer NOT NULL, "parent_id" bigint NULL REFERENCES "tickets_ticketcategory" ("id") DEFERRABLE INITIALLY DEFERRED);
INSERT INTO "tickets_ticketcategory" VALUES(1,'Hỗ trợ phần cứng','','2025-11-10 06:25:48.626383',0,NULL);
INSERT INTO "tickets_ticketcategory" VALUES(2,'Cài đặt, sửa lỗi máy in','','2025-11-10 06:25:48.740558',0,1);
INSERT INTO "tickets_ticketcategory" VALUES(3,'Xử lý sự cố phần cứng PC/Laptop','','2025-11-10 06:25:48.851477',1,1);
INSERT INTO "tickets_ticketcategory" VALUES(4,'Đánh giá, đề xuất và triển khai trang bị thiết bị mới','','2025-11-10 06:25:48.957702',2,1);
INSERT INTO "tickets_ticketcategory" VALUES(5,'Hỗ trợ kết nối, xử lý sự cố camera phòng họp, cáp kết nối','','2025-11-10 06:25:49.067713',3,1);
INSERT INTO "tickets_ticketcategory" VALUES(6,'Tiếp nhận, kiểm tra và xử lý bảo hành/sửa chữa thiết bị','','2025-11-10 06:25:49.175259',4,1);
INSERT INTO "tickets_ticketcategory" VALUES(7,'Khác (Phần cứng)','','2025-11-10 06:25:49.286229',0,1);
INSERT INTO "tickets_ticketcategory" VALUES(8,'Hỗ trợ phần mềm & tài khoản','','2025-11-10 06:25:49.383930',1,NULL);
INSERT INTO "tickets_ticketcategory" VALUES(9,'Cài đặt, sửa lỗi phần mềm','','2025-11-10 06:25:49.493397',0,8);
INSERT INTO "tickets_ticketcategory" VALUES(10,'Tạo, cấp quyền, khóa tài khoản người dùng','','2025-11-10 06:25:49.592998',1,8);
INSERT INTO "tickets_ticketcategory" VALUES(11,'Tạo, cấu hình, khóa và reset mật khẩu Email','','2025-11-10 06:25:49.701163',2,8);
INSERT INTO "tickets_ticketcategory" VALUES(12,'Xử lý lỗi Email','','2025-11-10 06:25:49.808376',3,8);
INSERT INTO "tickets_ticketcategory" VALUES(13,'Cấp quyền truy cập File Server','','2025-11-10 06:25:49.917369',4,8);
INSERT INTO "tickets_ticketcategory" VALUES(14,'Khác (Phần mềm)','','2025-11-10 06:25:50.024526',0,8);
INSERT INTO "tickets_ticketcategory" VALUES(15,'Hỗ trợ hệ thống & kỹ thuật','','2025-11-10 06:25:50.134592',2,NULL);
INSERT INTO "tickets_ticketcategory" VALUES(16,'Xử lý sự cố treo Server','','2025-11-10 06:25:50.234609',0,15);
INSERT INTO "tickets_ticketcategory" VALUES(17,'Khắc phục sự cố hạ tầng CNTT (điện, mạng, thoại)','','2025-11-10 06:25:50.342367',1,15);
INSERT INTO "tickets_ticketcategory" VALUES(18,'Kiểm tra và khắc phục lỗi hệ thống','','2025-11-10 06:25:50.441385',2,15);
INSERT INTO "tickets_ticketcategory" VALUES(19,'Xử lý lỗi trên website','','2025-11-10 06:25:50.551203',3,15);
INSERT INTO "tickets_ticketcategory" VALUES(20,'Khác (Hệ thống)','','2025-11-10 06:25:50.657687',0,15);
INSERT INTO "tickets_ticketcategory" VALUES(21,'Hỗ trợ dự án & triển khai','','2025-11-10 06:25:50.768764',3,NULL);
INSERT INTO "tickets_ticketcategory" VALUES(22,'Giám sát triển khai hệ thống LAN (di dời, mở mới)','','2025-11-10 06:25:50.866487',0,21);
INSERT INTO "tickets_ticketcategory" VALUES(23,'Đánh giá và triển khai hệ thống công nghệ (phần cứng & phần mềm)','','2025-11-10 06:25:51.002430',1,21);
INSERT INTO "tickets_ticketcategory" VALUES(24,'Khác (Dự án)','','2025-11-10 06:25:51.118242',0,21);
CREATE TABLE "tickets_ticketcomment" ("id" integer NOT NULL PRIMARY KEY AUTOINCREMENT, "content" text NOT NULL, "is_internal" bool NOT NULL, "created_at" datetime NOT NULL, "author_id" integer NOT NULL REFERENCES "auth_user" ("id") DEFERRABLE INITIALLY DEFERRED, "ticket_id" bigint NOT NULL REFERENCES "tickets_ticket" ("id") DEFERRABLE INITIALLY DEFERRED);
INSERT INTO "tickets_ticketcomment" VALUES(1,'jh',0,'2025-11-10 06:58:58.418976',1,1);
CREATE UNIQUE INDEX "auth_group_permissions_group_id_permission_id_0cd325b0_uniq" ON "auth_group_permissions" ("group_id", "permission_id");
CREATE INDEX "auth_group_permissions_group_id_b120cbf9" ON "auth_group_permissions" ("group_id");
CREATE INDEX "auth_group_permissions_permission_id_84c5c92e" ON "auth_group_permissions" ("permission_id");
CREATE UNIQUE INDEX "auth_user_groups_user_id_group_id_94350c0c_uniq" ON "auth_user_groups" ("user_id", "group_id");
CREATE INDEX "auth_user_groups_user_id_6a12ed8b" ON "auth_user_groups" ("user_id");
CREATE INDEX "auth_user_groups_group_id_97559544" ON "auth_user_groups" ("group_id");
CREATE UNIQUE INDEX "auth_user_user_permissions_user_id_permission_id_14a6b632_uniq" ON "auth_user_user_permissions" ("user_id", "permission_id");
CREATE INDEX "auth_user_user_permissions_user_id_a95ead1b" ON "auth_user_user_permissions" ("user_id");
CREATE INDEX "auth_user_user_permissions_permission_id_1fbb5f2c" ON "auth_user_user_permissions" ("permission_id");
CREATE INDEX "django_admin_log_content_type_id_c4bce8eb" ON "django_admin_log" ("content_type_id");
CREATE INDEX "django_admin_log_user_id_c564eba6" ON "django_admin_log" ("user_id");
CREATE UNIQUE INDEX "django_content_type_app_label_model_76bd3d3b_uniq" ON "django_content_type" ("app_label", "model");
CREATE UNIQUE INDEX "auth_permission_content_type_id_codename_01ab375a_uniq" ON "auth_permission" ("content_type_id", "codename");
CREATE INDEX "auth_permission_content_type_id_2f476e4b" ON "auth_permission" ("content_type_id");
CREATE INDEX "equipment_equipmenthistory_equipment_id_bc62281d" ON "equipment_equipmenthistory" ("equipment_id");
CREATE INDEX "django_session_expire_date_a5c62663" ON "django_session" ("expire_date");
CREATE INDEX "tickets_ticketcomment_author_id_b65344b0" ON "tickets_ticketcomment" ("author_id");
CREATE INDEX "tickets_ticketcomment_ticket_id_ef1ee786" ON "tickets_ticketcomment" ("ticket_id");
CREATE INDEX "tickets_ticketattachment_ticket_id_55842ab7" ON "tickets_ticketattachment" ("ticket_id");
CREATE INDEX "tickets_ticketattachment_uploaded_by_id_3ee58633" ON "tickets_ticketattachment" ("uploaded_by_id");
CREATE INDEX "tickets_ticket_assigned_to_id_142e13bf" ON "tickets_ticket" ("assigned_to_id");
CREATE INDEX "tickets_ticket_category_id_710dbfd0" ON "tickets_ticket" ("category_id");
CREATE INDEX "tickets_ticket_company_id_20adebe1" ON "tickets_ticket" ("company_id");
CREATE INDEX "tickets_ticket_department_id_32e39a8e" ON "tickets_ticket" ("department_id");
CREATE INDEX "tickets_ticket_requester_id_2072a2f2" ON "tickets_ticket" ("requester_id");
CREATE INDEX "equipment_equipment_company_id_0d4b4878" ON "equipment_equipment" ("company_id");
CREATE INDEX "equipment_equipment_current_user_id_fba12253" ON "equipment_equipment" ("current_user_id");
CREATE INDEX "tickets_department_company_id_a9e3c75c" ON "tickets_department" ("company_id");
CREATE INDEX "tickets_department_parent_id_3c9e0777" ON "tickets_department" ("parent_id");
CREATE INDEX "tickets_ticketcategory_parent_id_c26d3e33" ON "tickets_ticketcategory" ("parent_id");
CREATE INDEX "renewals_renewalhistory_renewal_id_327f2c98" ON "renewals_renewalhistory" ("renewal_id");
CREATE INDEX "renewals_renewalhistory_renewed_by_id_cfb6fca6" ON "renewals_renewalhistory" ("renewed_by_id");
CREATE INDEX "renewals_renewal_company_id_7239c279" ON "renewals_renewal" ("company_id");
CREATE INDEX "renewals_renewal_created_by_id_a49aa792" ON "renewals_renewal" ("created_by_id");
CREATE INDEX "renewals_renewal_renewal_type_id_5412c6c9" ON "renewals_renewal" ("renewal_type_id");
CREATE INDEX "renewals_renewal_responsible_person_id_ef1d08af" ON "renewals_renewal" ("responsible_person_id");
DELETE FROM "sqlite_sequence";
INSERT INTO "sqlite_sequence" VALUES('django_migrations',28);
INSERT INTO "sqlite_sequence" VALUES('django_admin_log',1);
INSERT INTO "sqlite_sequence" VALUES('django_content_type',18);
INSERT INTO "sqlite_sequence" VALUES('auth_permission',72);
INSERT INTO "sqlite_sequence" VALUES('auth_group',0);
INSERT INTO "sqlite_sequence" VALUES('auth_user',3);
INSERT INTO "sqlite_sequence" VALUES('equipment_company',3);
INSERT INTO "sqlite_sequence" VALUES('equipment_equipmenthistory',7);
INSERT INTO "sqlite_sequence" VALUES('tickets_ticket',3);
INSERT INTO "sqlite_sequence" VALUES('tickets_company',3);
INSERT INTO "sqlite_sequence" VALUES('tickets_ticketcomment',1);
INSERT INTO "sqlite_sequence" VALUES('equipment_equipment',2);
INSERT INTO "sqlite_sequence" VALUES('tickets_department',40);
INSERT INTO "sqlite_sequence" VALUES('tickets_ticketcategory',25);
INSERT INTO "sqlite_sequence" VALUES('renewals_renewal',1);
INSERT INTO "sqlite_sequence" VALUES('renewals_renewaltype',6);
COMMIT;

COMMIT;
